dataset,file_path,recording_id,duration,sample_rate,channels,original_label,mapped_context,split
demand,C:\Users\Hp\Desktop\ANC\drdo_ai_anc\data\raw\demand\OOFFICE\ch01.wav,demand_OOFFICE,300.004,16000,1,OOFFICE,STATIONARY,train
demand,C:\Users\Hp\Desktop\ANC\drdo_ai_anc\data\raw\demand\TBUS\ch01.wav,demand_TBUS,300.004,16000,1,TBUS,DYNAMIC,train
sonyc_ust,C:\Users\Hp\Desktop\ANC\drdo_ai_anc\data\raw\sonyc_ust\audio-18\01_000914.wav,sonyc_1_01_000914.wav,10.0,48000,1,human-voice,SPEECH,train
sonyc_ust,C:\Users\Hp\Desktop\ANC\drdo_ai_anc\data\raw\sonyc_ust\audio-18\01_001377.wav,sonyc_1_01_001377.wav,10.0,48000,1,dog,OTHER,train
sonyc_ust,C:\Users\Hp\Desktop\ANC\drdo_ai_anc\data\raw\sonyc_ust\audio-18\01_001767.wav,sonyc_1_01_001767.wav,10.0,48000,1,unlabeled,OTHER,train
sonyc_ust,C:\Users\Hp\Desktop\ANC\drdo_ai_anc\data\raw\sonyc_ust\audio-18\01_002722.wav,sonyc_1_01_002722.wav,10.0,48000,1,dog,OTHER,train
sonyc_ust,C:\Users\Hp\Desktop\ANC\drdo_ai_anc\data\raw\sonyc_ust\audio-18\01_003399.wav,sonyc_1_01_003399.wav,10.0,48000,1,human-voice,SPEECH,train
sonyc_ust,C:\Users\Hp\Desktop\ANC\drdo_ai_anc\data\raw\sonyc_ust\audio-18\01_004179.wav,sonyc_1_01_004179.wav,10.0,48000,1,unlabeled,OTHER,train
sonyc_ust,C:\Users\Hp\Desktop\ANC\drdo_ai_anc\data\raw\sonyc_ust\audio-18\01_004555.wav,sonyc_1_01_004555.wav,10.0,48000,1,unlabeled,OTHER,train
sonyc_ust,C:\Users\Hp\Desktop\ANC\drdo_ai_anc\data\raw\sonyc_ust\audio-18\01_005703.wav,sonyc_1_01_005703.wav,10.0,48000,1,dog,OTHER,train
sonyc_ust,C:\Users\Hp\Desktop\ANC\drdo_ai_anc\data\raw\sonyc_ust\audio-18\01_006356.wav,sonyc_1_01_006356.wav,10.0,48000,1,alert-signal,IMPULSIVE,train
sonyc_ust,C:\Users\Hp\Desktop\ANC\drdo_ai_anc\data\raw\sonyc_ust\audio-18\01_006544.wav,sonyc_1_01_006544.wav,10.0,48000,1,dog,OTHER,train
sonyc_ust,C:\Users\Hp\Desktop\ANC\drdo_ai_anc\data\raw\sonyc_ust\audio-18\01_006815.wav,sonyc_1_01_006815.wav,10.0,48000,1,unlabeled,OTHER,train
sonyc_ust,C:\Users\Hp\Desktop\ANC\drdo_ai_anc\data\raw\sonyc_ust\audio-18\01_007458.wav,sonyc_1_01_007458.wav,10.0,48000,1,dog,OTHER,train
sonyc_ust,C:\Users\Hp\Desktop\ANC\drdo_ai_anc\data\raw\sonyc_ust\audio-18\01_007706.wav,sonyc_1_01_007706.wav,10.0,48000,1,dog,OTHER,train
sonyc_ust,C:\Users\Hp\Desktop\ANC\drdo_ai_anc\data\raw\sonyc_ust\audio-18\01_008757.wav,sonyc_1_01_008757.wav,10.0,48000,1,dog,OTHER,train
sonyc_ust,C:\Users\Hp\Desktop\ANC\drdo_ai_anc\data\raw\sonyc_ust\audio-18\01_008838.wav,sonyc_1_01_008838.wav,10.0,48000,1,dog,OTHER,train
sonyc_ust,C:\Users\Hp\Desktop\ANC\drdo_ai_anc\data\raw\sonyc_ust\audio-18\01_009111.wav,sonyc_1_01_009111.wav,10.0,48000,1,dog,OTHER,train
sonyc_ust,C:\Users\Hp\Desktop\ANC\drdo_ai_anc\data\raw\sonyc_ust\audio-18\01_009878.wav,sonyc_1_01_009878.wav,10.0,48000,1,"human-voice,dog",SPEECH,train
sonyc_ust,C:\Users\Hp\Desktop\ANC\drdo_ai_anc\data\raw\sonyc_ust\audio-18\01_010534.wav,sonyc_1_01_010534.wav,10.0,48000,1,"human-voice,dog",SPEECH,train
sonyc_ust,C:\Users\Hp\Desktop\ANC\drdo_ai_anc\data\raw\sonyc_ust\audio-18\01_010656.wav,sonyc_1_01_010656.wav,10.0,48000,1,human-voice,SPEECH,train
sonyc_ust,C:\Users\Hp\Desktop\ANC\drdo_ai_anc\data\raw\sonyc_ust\audio-18\01_011206.wav,sonyc_1_01_011206.wav,10.0,48000,1,dog,OTHER,train
sonyc_ust,C:\Users\Hp\Desktop\ANC\drdo_ai_anc\data\raw\sonyc_ust\audio-18\01_011548.wav,sonyc_1_01_011548.wav,10.0,48000,1,"engine,dog",DYNAMIC,train
sonyc_ust,C:\Users\Hp\Desktop\ANC\drdo_ai_anc\data\raw\sonyc_ust\audio-18\01_011819.wav,sonyc_1_01_011819.wav,10.0,48000,1,"engine,music",DYNAMIC,train
sonyc_ust,C:\Users\Hp\Desktop\ANC\drdo_ai_anc\data\raw\sonyc_ust\audio-18\01_012451.wav,sonyc_1_01_012451.wav,10.0,48000,1,unlabeled,OTHER,train
sonyc_ust,C:\Users\Hp\Desktop\ANC\drdo_ai_anc\data\raw\sonyc_ust\audio-18\01_012519.wav,sonyc_1_01_012519.wav,10.0,48000,1,dog,OTHER,train
sonyc_ust,C:\Users\Hp\Desktop\ANC\drdo_ai_anc\data\raw\sonyc_ust\audio-18\01_013161.wav,sonyc_1_01_013161.wav,10.0,48000,1,unlabeled,OTHER,train
sonyc_ust,C:\Users\Hp\Desktop\ANC\drdo_ai_anc\data\raw\sonyc_ust\audio-18\01_016804.wav,sonyc_1_01_016804.wav,10.0,48000,1,human-voice,SPEECH,train
sonyc_ust,C:\Users\Hp\Desktop\ANC\drdo_ai_anc\data\raw\sonyc_ust\audio-18\01_017893.wav,sonyc_1_01_017893.wav,10.0,48000,1,dog,OTHER,train
sonyc_ust,C:\Users\Hp\Desktop\ANC\drdo_ai_anc\data\raw\sonyc_ust\audio-18\01_019302.wav,sonyc_1_01_019302.wav,10.0,48000,1,music,OTHER,train
sonyc_ust,C:\Users\Hp\Desktop\ANC\drdo_ai_anc\data\raw\sonyc_ust\audio-18\01_020030.wav,sonyc_1_01_020030.wav,10.0,48000,1,unlabeled,OTHER,train
sonyc_ust,C:\Users\Hp\Desktop\ANC\drdo_ai_anc\data\raw\sonyc_ust\audio-18\02_000073.wav,sonyc_2_02_000073.wav,10.0,48000,1,engine,DYNAMIC,train
sonyc_ust,C:\Users\Hp\Desktop\ANC\drdo_ai_anc\data\raw\sonyc_ust\audio-18\02_000701.wav,sonyc_2_02_000701.wav,10.0,48000,1,engine,DYNAMIC,train
sonyc_ust,C:\Users\Hp\Desktop\ANC\drdo_ai_anc\data\raw\sonyc_ust\audio-18\02_002664.wav,sonyc_2_02_002664.wav,10.0,48000,1,unlabeled,OTHER,train
sonyc_ust,C:\Users\Hp\Desktop\ANC\drdo_ai_anc\data\raw\sonyc_ust\audio-18\02_003181.wav,sonyc_2_02_003181.wav,10.0,48000,1,human-voice,SPEECH,train
sonyc_ust,C:\Users\Hp\Desktop\ANC\drdo_ai_anc\data\raw\sonyc_ust\audio-18\02_003630.wav,sonyc_2_02_003630.wav,10.0,48000,1,"engine,non-machinery-impact",IMPULSIVE,train
sonyc_ust,C:\Users\Hp\Desktop\ANC\drdo_ai_anc\data\raw\sonyc_ust\audio-18\02_005731.wav,sonyc_2_02_005731.wav,10.0,48000,1,alert-signal,IMPULSIVE,train
sonyc_ust,C:\Users\Hp\Desktop\ANC\drdo_ai_anc\data\raw\sonyc_ust\audio-18\02_006012.wav,sonyc_2_02_006012.wav,10.0,48000,1,alert-signal,IMPULSIVE,train
sonyc_ust,C:\Users\Hp\Desktop\ANC\drdo_ai_anc\data\raw\sonyc_ust\audio-18\02_007052.wav,sonyc_2_02_007052.wav,10.0,48000,1,human-voice,SPEECH,train
sonyc_ust,C:\Users\Hp\Desktop\ANC\drdo_ai_anc\data\raw\sonyc_ust\audio-18\02_007250.wav,sonyc_2_02_007250.wav,10.0,48000,1,"non-machinery-impact,human-voice",SPEECH,train
sonyc_ust,C:\Users\Hp\Desktop\ANC\drdo_ai_anc\data\raw\sonyc_ust\audio-18\02_007536.wav,sonyc_2_02_007536.wav,10.0,48000,1,"engine,alert-signal",IMPULSIVE,train
sonyc_ust,C:\Users\Hp\Desktop\ANC\drdo_ai_anc\data\raw\sonyc_ust\audio-18\02_008573.wav,sonyc_2_02_008573.wav,10.0,48000,1,unlabeled,OTHER,train
sonyc_ust,C:\Users\Hp\Desktop\ANC\drdo_ai_anc\data\raw\sonyc_ust\audio-18\02_008942.wav,sonyc_2_02_008942.wav,10.0,48000,1,human-voice,SPEECH,train
sonyc_ust,C:\Users\Hp\Desktop\ANC\drdo_ai_anc\data\raw\sonyc_ust\audio-18\02_009490.wav,sonyc_2_02_009490.wav,10.0,48000,1,engine,DYNAMIC,train
sonyc_ust,C:\Users\Hp\Desktop\ANC\drdo_ai_anc\data\raw\sonyc_ust\audio-18\02_010314.wav,sonyc_2_02_010314.wav,10.0,48000,1,unlabeled,OTHER,train
sonyc_ust,C:\Users\Hp\Desktop\ANC\drdo_ai_anc\data\raw\sonyc_ust\audio-18\02_010328.wav,sonyc_2_02_010328.wav,10.0,48000,1,engine,DYNAMIC,train
sonyc_ust,C:\Users\Hp\Desktop\ANC\drdo_ai_anc\data\raw\sonyc_ust\audio-18\02_011426.wav,sonyc_2_02_011426.wav,10.0,48000,1,unlabeled,OTHER,train
sonyc_ust,C:\Users\Hp\Desktop\ANC\drdo_ai_anc\data\raw\sonyc_ust\audio-18\02_012265.wav,sonyc_2_02_012265.wav,10.0,48000,1,engine,DYNAMIC,train
sonyc_ust,C:\Users\Hp\Desktop\ANC\drdo_ai_anc\data\raw\sonyc_ust\audio-18\02_012271.wav,sonyc_2_02_012271.wav,10.0,48000,1,unlabeled,OTHER,train
sonyc_ust,C:\Users\Hp\Desktop\ANC\drdo_ai_anc\data\raw\sonyc_ust\audio-18\02_012852.wav,sonyc_2_02_012852.wav,10.0,48000,1,unlabeled,OTHER,train
sonyc_ust,C:\Users\Hp\Desktop\ANC\drdo_ai_anc\data\raw\sonyc_ust\audio-18\02_017309.wav,sonyc_2_02_017309.wav,10.0,48000,1,human-voice,SPEECH,train
sonyc_ust,C:\Users\Hp\Desktop\ANC\drdo_ai_anc\data\raw\sonyc_ust\audio-18\02_020837.wav,sonyc_2_02_020837.wav,10.0,48000,1,unlabeled,OTHER,train
sonyc_ust,C:\Users\Hp\Desktop\ANC\drdo_ai_anc\data\raw\sonyc_ust\audio-18\08_005386.wav,sonyc_8_08_005386.wav,10.0,48000,1,"engine,alert-signal",IMPULSIVE,train
sonyc_ust,C:\Users\Hp\Desktop\ANC\drdo_ai_anc\data\raw\sonyc_ust\audio-18\08_020890.wav,sonyc_8_08_020890.wav,10.0,48000,1,unlabeled,OTHER,train
sonyc_ust,C:\Users\Hp\Desktop\ANC\drdo_ai_anc\data\raw\sonyc_ust\audio-18\11_006933.wav,sonyc_11_11_006933.wav,10.0,48000,1,human-voice,SPEECH,train
sonyc_ust,C:\Users\Hp\Desktop\ANC\drdo_ai_anc\data\raw\sonyc_ust\audio-18\11_010957.wav,sonyc_11_11_010957.wav,10.0,48000,1,"engine,human-voice",SPEECH,train
sonyc_ust,C:\Users\Hp\Desktop\ANC\drdo_ai_anc\data\raw\sonyc_ust\audio-18\11_012761.wav,sonyc_11_11_012761.wav,10.0,48000,1,machinery-impact,IMPULSIVE,train
sonyc_ust,C:\Users\Hp\Desktop\ANC\drdo_ai_anc\data\raw\sonyc_ust\audio-18\11_020314.wav,sonyc_11_11_020314.wav,10.0,48000,1,alert-signal,IMPULSIVE,train
sonyc_ust,C:\Users\Hp\Desktop\ANC\drdo_ai_anc\data\raw\sonyc_ust\audio-18\11_020704.wav,sonyc_11_11_020704.wav,10.0,48000,1,unlabeled,OTHER,train
sonyc_ust,C:\Users\Hp\Desktop\ANC\drdo_ai_anc\data\raw\sonyc_ust\audio-18\12_003058.wav,sonyc_12_12_003058.wav,10.0,48000,1,alert-signal,IMPULSIVE,train
sonyc_ust,C:\Users\Hp\Desktop\ANC\drdo_ai_anc\data\raw\sonyc_ust\audio-18\12_007982.wav,sonyc_12_12_007982.wav,10.0,48000,1,"engine,powered-saw",DYNAMIC,train
sonyc_ust,C:\Users\Hp\Desktop\ANC\drdo_ai_anc\data\raw\sonyc_ust\audio-18\12_013459.wav,sonyc_12_12_013459.wav,10.0,48000,1,engine,DYNAMIC,train
sonyc_ust,C:\Users\Hp\Desktop\ANC\drdo_ai_anc\data\raw\sonyc_ust\audio-18\13_001743.wav,sonyc_13_13_001743.wav,10.0,48000,1,unlabeled,OTHER,train
sonyc_ust,C:\Users\Hp\Desktop\ANC\drdo_ai_anc\data\raw\sonyc_ust\audio-18\13_006979.wav,sonyc_13_13_006979.wav,10.0,48000,1,human-voice,SPEECH,train
sonyc_ust,C:\Users\Hp\Desktop\ANC\drdo_ai_anc\data\raw\sonyc_ust\audio-18\13_007044.wav,sonyc_13_13_007044.wav,10.0,48000,1,"engine,human-voice",SPEECH,train
sonyc_ust,C:\Users\Hp\Desktop\ANC\drdo_ai_anc\data\raw\sonyc_ust\audio-18\13_007050.wav,sonyc_13_13_007050.wav,10.0,48000,1,"non-machinery-impact,alert-signal,music",IMPULSIVE,train
sonyc_ust,C:\Users\Hp\Desktop\ANC\drdo_ai_anc\data\raw\sonyc_ust\audio-18\13_013623.wav,sonyc_13_13_013623.wav,10.0,48000,1,unlabeled,OTHER,train
sonyc_ust,C:\Users\Hp\Desktop\ANC\drdo_ai_anc\data\raw\sonyc_ust\audio-18\14_004258.wav,sonyc_14_14_004258.wav,10.0,48000,1,unlabeled,OTHER,train
sonyc_ust,C:\Users\Hp\Desktop\ANC\drdo_ai_anc\data\raw\sonyc_ust\audio-18\14_005595.wav,sonyc_14_14_005595.wav,10.0,48000,1,alert-signal,IMPULSIVE,train
sonyc_ust,C:\Users\Hp\Desktop\ANC\drdo_ai_anc\data\raw\sonyc_ust\audio-18\14_011245.wav,sonyc_14_14_011245.wav,10.0,48000,1,engine,DYNAMIC,train
sonyc_ust,C:\Users\Hp\Desktop\ANC\drdo_ai_anc\data\raw\sonyc_ust\audio-18\14_012980.wav,sonyc_14_14_012980.wav,10.0,48000,1,human-voice,SPEECH,train
sonyc_ust,C:\Users\Hp\Desktop\ANC\drdo_ai_anc\data\raw\sonyc_ust\audio-18\14_013081.wav,sonyc_14_14_013081.wav,10.0,48000,1,human-voice,SPEECH,train
sonyc_ust,C:\Users\Hp\Desktop\ANC\drdo_ai_anc\data\raw\sonyc_ust\audio-18\14_013268.wav,sonyc_14_14_013268.wav,10.0,48000,1,unlabeled,OTHER,train
sonyc_ust,C:\Users\Hp\Desktop\ANC\drdo_ai_anc\data\raw\sonyc_ust\audio-18\16_001424.wav,sonyc_16_16_001424.wav,10.0,48000,1,unlabeled,OTHER,train
sonyc_ust,C:\Users\Hp\Desktop\ANC\drdo_ai_anc\data\raw\sonyc_ust\audio-18\16_005939.wav,sonyc_16_16_005939.wav,10.0,48000,1,human-voice,SPEECH,train
sonyc_ust,C:\Users\Hp\Desktop\ANC\drdo_ai_anc\data\raw\sonyc_ust\audio-18\16_008428.wav,sonyc_16_16_008428.wav,10.0,48000,1,unlabeled,OTHER,train
sonyc_ust,C:\Users\Hp\Desktop\ANC\drdo_ai_anc\data\raw\sonyc_ust\audio-18\16_010071.wav,sonyc_16_16_010071.wav,10.0,48000,1,unlabeled,OTHER,train
sonyc_ust,C:\Users\Hp\Desktop\ANC\drdo_ai_anc\data\raw\sonyc_ust\audio-18\16_010515.wav,sonyc_16_16_010515.wav,10.0,48000,1,engine,DYNAMIC,train
sonyc_ust,C:\Users\Hp\Desktop\ANC\drdo_ai_anc\data\raw\sonyc_ust\audio-18\16_011019.wav,sonyc_16_16_011019.wav,10.0,48000,1,human-voice,SPEECH,train
sonyc_ust,C:\Users\Hp\Desktop\ANC\drdo_ai_anc\data\raw\sonyc_ust\audio-18\16_011435.wav,sonyc_16_16_011435.wav,10.0,48000,1,alert-signal,IMPULSIVE,train
sonyc_ust,C:\Users\Hp\Desktop\ANC\drdo_ai_anc\data\raw\sonyc_ust\audio-18\16_016399.wav,sonyc_16_16_016399.wav,10.0,48000,1,unlabeled,OTHER,train
sonyc_ust,C:\Users\Hp\Desktop\ANC\drdo_ai_anc\data\raw\sonyc_ust\audio-18\16_017332.wav,sonyc_16_16_017332.wav,10.0,48000,1,alert-signal,IMPULSIVE,train
sonyc_ust,C:\Users\Hp\Desktop\ANC\drdo_ai_anc\data\raw\sonyc_ust\audio-18\16_017497.wav,sonyc_16_16_017497.wav,10.0,48000,1,unlabeled,OTHER,train
sonyc_ust,C:\Users\Hp\Desktop\ANC\drdo_ai_anc\data\raw\sonyc_ust\audio-18\16_019860.wav,sonyc_16_16_019860.wav,10.0,48000,1,engine,DYNAMIC,train
sonyc_ust,C:\Users\Hp\Desktop\ANC\drdo_ai_anc\data\raw\sonyc_ust\audio-18\17_006045.wav,sonyc_17_17_006045.wav,10.0,48000,1,human-voice,SPEECH,train
sonyc_ust,C:\Users\Hp\Desktop\ANC\drdo_ai_anc\data\raw\sonyc_ust\audio-18\17_008685.wav,sonyc_17_17_008685.wav,10.0,48000,1,"other-unknown-alert-signal,alert-signal",IMPULSIVE,train
sonyc_ust,C:\Users\Hp\Desktop\ANC\drdo_ai_anc\data\raw\sonyc_ust\audio-18\17_010380.wav,sonyc_17_17_010380.wav,10.0,48000,1,engine,DYNAMIC,train
sonyc_ust,C:\Users\Hp\Desktop\ANC\drdo_ai_anc\data\raw\sonyc_ust\audio-18\17_017028.wav,sonyc_17_17_017028.wav,10.0,48000,1,non-machinery-impact,IMPULSIVE,train
sonyc_ust,C:\Users\Hp\Desktop\ANC\drdo_ai_anc\data\raw\sonyc_ust\audio-18\17_018694.wav,sonyc_17_17_018694.wav,10.0,48000,1,powered-saw,DYNAMIC,train
sonyc_ust,C:\Users\Hp\Desktop\ANC\drdo_ai_anc\data\raw\sonyc_ust\audio-18\18_000441.wav,sonyc_18_18_000441.wav,10.0,48000,1,"engine,human-voice",SPEECH,train
sonyc_ust,C:\Users\Hp\Desktop\ANC\drdo_ai_anc\data\raw\sonyc_ust\audio-18\18_000455.wav,sonyc_18_18_000455.wav,10.0,48000,1,machinery-impact,IMPULSIVE,train
sonyc_ust,C:\Users\Hp\Desktop\ANC\drdo_ai_anc\data\raw\sonyc_ust\audio-18\18_001788.wav,sonyc_18_18_001788.wav,10.0,48000,1,human-voice,SPEECH,train
sonyc_ust,C:\Users\Hp\Desktop\ANC\drdo_ai_anc\data\raw\sonyc_ust\audio-18\18_002134.wav,sonyc_18_18_002134.wav,10.0,48000,1,unlabeled,OTHER,train
sonyc_ust,C:\Users\Hp\Desktop\ANC\drdo_ai_anc\data\raw\sonyc_ust\audio-18\18_002530.wav,sonyc_18_18_002530.wav,10.0,48000,1,unlabeled,OTHER,train
sonyc_ust,C:\Users\Hp\Desktop\ANC\drdo_ai_anc\data\raw\sonyc_ust\audio-18\18_004223.wav,sonyc_18_18_004223.wav,10.0,48000,1,engine,DYNAMIC,train
sonyc_ust,C:\Users\Hp\Desktop\ANC\drdo_ai_anc\data\raw\sonyc_ust\audio-18\18_007474.wav,sonyc_18_18_007474.wav,10.0,48000,1,unlabeled,OTHER,train
sonyc_ust,C:\Users\Hp\Desktop\ANC\drdo_ai_anc\data\raw\sonyc_ust\audio-18\18_010849.wav,sonyc_18_18_010849.wav,10.0,48000,1,unlabeled,OTHER,train
sonyc_ust,C:\Users\Hp\Desktop\ANC\drdo_ai_anc\data\raw\sonyc_ust\audio-18\18_012333.wav,sonyc_18_18_012333.wav,10.0,48000,1,unlabeled,OTHER,train
sonyc_ust,C:\Users\Hp\Desktop\ANC\drdo_ai_anc\data\raw\sonyc_ust\audio-18\18_013561.wav,sonyc_18_18_013561.wav,10.0,48000,1,non-machinery-impact,IMPULSIVE,train
sonyc_ust,C:\Users\Hp\Desktop\ANC\drdo_ai_anc\data\raw\sonyc_ust\audio-18\18_016579.wav,sonyc_18_18_016579.wav,10.0,48000,1,unlabeled,OTHER,train
sonyc_ust,C:\Users\Hp\Desktop\ANC\drdo_ai_anc\data\raw\sonyc_ust\audio-18\18_018144.wav,sonyc_18_18_018144.wav,10.0,48000,1,human-voice,SPEECH,train
sonyc_ust,C:\Users\Hp\Desktop\ANC\drdo_ai_anc\data\raw\sonyc_ust\audio-18\18_019070.wav,sonyc_18_18_019070.wav,10.0,48000,1,alert-signal,IMPULSIVE,train
sonyc_ust,C:\Users\Hp\Desktop\ANC\drdo_ai_anc\data\raw\sonyc_ust\audio-18\19_000767.wav,sonyc_19_19_000767.wav,10.0,48000,1,engine,DYNAMIC,train
sonyc_ust,C:\Users\Hp\Desktop\ANC\drdo_ai_anc\data\raw\sonyc_ust\audio-18\19_001055.wav,sonyc_19_19_001055.wav,10.0,48000,1,alert-signal,IMPULSIVE,train
sonyc_ust,C:\Users\Hp\Desktop\ANC\drdo_ai_anc\data\raw\sonyc_ust\audio-18\19_001069.wav,sonyc_19_19_001069.wav,10.0,48000,1,unlabeled,OTHER,train
sonyc_ust,C:\Users\Hp\Desktop\ANC\drdo_ai_anc\data\raw\sonyc_ust\audio-18\19_007168.wav,sonyc_19_19_007168.wav,10.0,48000,1,"alert-signal,human-voice",SPEECH,train
sonyc_ust,C:\Users\Hp\Desktop\ANC\drdo_ai_anc\data\raw\sonyc_ust\audio-18\19_011440.wav,sonyc_19_19_011440.wav,10.0,48000,1,unlabeled,OTHER,train
sonyc_ust,C:\Users\Hp\Desktop\ANC\drdo_ai_anc\data\raw\sonyc_ust\audio-18\19_013525.wav,sonyc_19_19_013525.wav,10.0,48000,1,engine,DYNAMIC,train
sonyc_ust,C:\Users\Hp\Desktop\ANC\drdo_ai_anc\data\raw\sonyc_ust\audio-18\19_016924.wav,sonyc_19_19_016924.wav,10.0,48000,1,engine,DYNAMIC,train
sonyc_ust,C:\Users\Hp\Desktop\ANC\drdo_ai_anc\data\raw\sonyc_ust\audio-18\19_017353.wav,sonyc_19_19_017353.wav,10.0,48000,1,machinery-impact,IMPULSIVE,train
sonyc_ust,C:\Users\Hp\Desktop\ANC\drdo_ai_anc\data\raw\sonyc_ust\audio-18\19_019961.wav,sonyc_19_19_019961.wav,10.0,48000,1,engine,DYNAMIC,train
sonyc_ust,C:\Users\Hp\Desktop\ANC\drdo_ai_anc\data\raw\sonyc_ust\audio-18\19_020104.wav,sonyc_19_19_020104.wav,10.0,48000,1,"engine,human-voice",SPEECH,train
sonyc_ust,C:\Users\Hp\Desktop\ANC\drdo_ai_anc\data\raw\sonyc_ust\audio-18\20_000805.wav,sonyc_20_20_000805.wav,10.0,48000,1,unlabeled,OTHER,train
sonyc_ust,C:\Users\Hp\Desktop\ANC\drdo_ai_anc\data\raw\sonyc_ust\audio-18\20_005996.wav,sonyc_20_20_005996.wav,10.0,48000,1,human-voice,SPEECH,train
sonyc_ust,C:\Users\Hp\Desktop\ANC\drdo_ai_anc\data\raw\sonyc_ust\audio-18\20_008493.wav,sonyc_20_20_008493.wav,10.0,48000,1,engine,DYNAMIC,train
sonyc_ust,C:\Users\Hp\Desktop\ANC\drdo_ai_anc\data\raw\sonyc_ust\audio-18\20_011263.wav,sonyc_20_20_011263.wav,10.0,48000,1,engine,DYNAMIC,train
sonyc_ust,C:\Users\Hp\Desktop\ANC\drdo_ai_anc\data\raw\sonyc_ust\audio-18\20_011505.wav,sonyc_20_20_011505.wav,10.0,48000,1,engine,DYNAMIC,train
sonyc_ust,C:\Users\Hp\Desktop\ANC\drdo_ai_anc\data\raw\sonyc_ust\audio-18\20_012018.wav,sonyc_20_20_012018.wav,10.0,48000,1,engine,DYNAMIC,train
sonyc_ust,C:\Users\Hp\Desktop\ANC\drdo_ai_anc\data\raw\sonyc_ust\audio-18\20_012540.wav,sonyc_20_20_012540.wav,10.0,48000,1,engine,DYNAMIC,train
sonyc_ust,C:\Users\Hp\Desktop\ANC\drdo_ai_anc\data\raw\sonyc_ust\audio-18\20_019367.wav,sonyc_20_20_019367.wav,10.0,48000,1,engine,DYNAMIC,train
sonyc_ust,C:\Users\Hp\Desktop\ANC\drdo_ai_anc\data\raw\sonyc_ust\audio-18\21_011780.wav,sonyc_21_21_011780.wav,10.0,48000,1,engine,DYNAMIC,train
sonyc_ust,C:\Users\Hp\Desktop\ANC\drdo_ai_anc\data\raw\sonyc_ust\audio-18\22_004817.wav,sonyc_22_22_004817.wav,10.0,48000,1,machinery-impact,IMPULSIVE,train
sonyc_ust,C:\Users\Hp\Desktop\ANC\drdo_ai_anc\data\raw\sonyc_ust\audio-18\22_008988.wav,sonyc_22_22_008988.wav,10.0,48000,1,machinery-impact,IMPULSIVE,train
sonyc_ust,C:\Users\Hp\Desktop\ANC\drdo_ai_anc\data\raw\sonyc_ust\audio-18\22_010335.wav,sonyc_22_22_010335.wav,10.0,48000,1,"non-machinery-impact,human-voice",SPEECH,train
sonyc_ust,C:\Users\Hp\Desktop\ANC\drdo_ai_anc\data\raw\sonyc_ust\audio-18\22_016552.wav,sonyc_22_22_016552.wav,10.0,48000,1,alert-signal,IMPULSIVE,train
sonyc_ust,C:\Users\Hp\Desktop\ANC\drdo_ai_anc\data\raw\sonyc_ust\audio-18\22_017076.wav,sonyc_22_22_017076.wav,10.0,48000,1,non-machinery-impact,IMPULSIVE,train
sonyc_ust,C:\Users\Hp\Desktop\ANC\drdo_ai_anc\data\raw\sonyc_ust\audio-18\22_017506.wav,sonyc_22_22_017506.wav,10.0,48000,1,engine,DYNAMIC,train
sonyc_ust,C:\Users\Hp\Desktop\ANC\drdo_ai_anc\data\raw\sonyc_ust\audio-18\22_020631.wav,sonyc_22_22_020631.wav,10.0,48000,1,unlabeled,OTHER,train
sonyc_ust,C:\Users\Hp\Desktop\ANC\drdo_ai_anc\data\raw\sonyc_ust\audio-18\23_000566.wav,sonyc_23_23_000566.wav,10.0,48000,1,"alert-signal,human-voice",SPEECH,train
sonyc_ust,C:\Users\Hp\Desktop\ANC\drdo_ai_anc\data\raw\sonyc_ust\audio-18\23_001491.wav,sonyc_23_23_001491.wav,10.0,48000,1,"other-unknown-impact-machinery,machinery-impact",IMPULSIVE,train
sonyc_ust,C:\Users\Hp\Desktop\ANC\drdo_ai_anc\data\raw\sonyc_ust\audio-18\23_005436.wav,sonyc_23_23_005436.wav,10.0,48000,1,engine,DYNAMIC,train
sonyc_ust,C:\Users\Hp\Desktop\ANC\drdo_ai_anc\data\raw\sonyc_ust\audio-18\23_006498.wav,sonyc_23_23_006498.wav,10.0,48000,1,engine,DYNAMIC,train
sonyc_ust,C:\Users\Hp\Desktop\ANC\drdo_ai_anc\data\raw\sonyc_ust\audio-18\23_006739.wav,sonyc_23_23_006739.wav,10.0,48000,1,human-voice,SPEECH,train
sonyc_ust,C:\Users\Hp\Desktop\ANC\drdo_ai_anc\data\raw\sonyc_ust\audio-18\23_008066.wav,sonyc_23_23_008066.wav,10.0,48000,1,unlabeled,OTHER,train
sonyc_ust,C:\Users\Hp\Desktop\ANC\drdo_ai_anc\data\raw\sonyc_ust\audio-18\23_012572.wav,sonyc_23_23_012572.wav,10.0,48000,1,unlabeled,OTHER,train
sonyc_ust,C:\Users\Hp\Desktop\ANC\drdo_ai_anc\data\raw\sonyc_ust\audio-18\23_013095.wav,sonyc_23_23_013095.wav,10.0,48000,1,alert-signal,IMPULSIVE,train
sonyc_ust,C:\Users\Hp\Desktop\ANC\drdo_ai_anc\data\raw\sonyc_ust\audio-18\24_003544.wav,sonyc_24_24_003544.wav,10.0,48000,1,unlabeled,OTHER,train
sonyc_ust,C:\Users\Hp\Desktop\ANC\drdo_ai_anc\data\raw\sonyc_ust\audio-18\24_004559.wav,sonyc_24_24_004559.wav,10.0,48000,1,human-voice,SPEECH,train
sonyc_ust,C:\Users\Hp\Desktop\ANC\drdo_ai_anc\data\raw\sonyc_ust\audio-18\24_007291.wav,sonyc_24_24_007291.wav,10.0,48000,1,unlabeled,OTHER,train
sonyc_ust,C:\Users\Hp\Desktop\ANC\drdo_ai_anc\data\raw\sonyc_ust\audio-18\24_007656.wav,sonyc_24_24_007656.wav,10.0,48000,1,engine,DYNAMIC,train
sonyc_ust,C:\Users\Hp\Desktop\ANC\drdo_ai_anc\data\raw\sonyc_ust\audio-18\24_013582.wav,sonyc_24_24_013582.wav,10.0,48000,1,alert-signal,IMPULSIVE,train
sonyc_ust,C:\Users\Hp\Desktop\ANC\drdo_ai_anc\data\raw\sonyc_ust\audio-18\24_018776.wav,sonyc_24_24_018776.wav,10.0,48000,1,unlabeled,OTHER,train
sonyc_ust,C:\Users\Hp\Desktop\ANC\drdo_ai_anc\data\raw\sonyc_ust\audio-18\24_020028.wav,sonyc_24_24_020028.wav,10.0,48000,1,"alert-signal,music,human-voice",SPEECH,train
sonyc_ust,C:\Users\Hp\Desktop\ANC\drdo_ai_anc\data\raw\sonyc_ust\audio-18\25_000155.wav,sonyc_25_25_000155.wav,10.0,48000,1,unlabeled,OTHER,train
sonyc_ust,C:\Users\Hp\Desktop\ANC\drdo_ai_anc\data\raw\sonyc_ust\audio-18\25_001868.wav,sonyc_25_25_001868.wav,10.0,48000,1,engine,DYNAMIC,train
sonyc_ust,C:\Users\Hp\Desktop\ANC\drdo_ai_anc\data\raw\sonyc_ust\audio-18\25_002622.wav,sonyc_25_25_002622.wav,10.0,48000,1,"engine,alert-signal",IMPULSIVE,train
sonyc_ust,C:\Users\Hp\Desktop\ANC\drdo_ai_anc\data\raw\sonyc_ust\audio-18\25_003064.wav,sonyc_25_25_003064.wav,10.0,48000,1,engine,DYNAMIC,train
sonyc_ust,C:\Users\Hp\Desktop\ANC\drdo_ai_anc\data\raw\sonyc_ust\audio-18\25_005830.wav,sonyc_25_25_005830.wav,10.0,48000,1,unlabeled,OTHER,train
sonyc_ust,C:\Users\Hp\Desktop\ANC\drdo_ai_anc\data\raw\sonyc_ust\audio-18\25_006691.wav,sonyc_25_25_006691.wav,10.0,48000,1,human-voice,SPEECH,train
sonyc_ust,C:\Users\Hp\Desktop\ANC\drdo_ai_anc\data\raw\sonyc_ust\audio-18\25_007028.wav,sonyc_25_25_007028.wav,10.0,48000,1,unlabeled,OTHER,train
sonyc_ust,C:\Users\Hp\Desktop\ANC\drdo_ai_anc\data\raw\sonyc_ust\audio-18\25_008253.wav,sonyc_25_25_008253.wav,10.0,48000,1,unlabeled,OTHER,train
sonyc_ust,C:\Users\Hp\Desktop\ANC\drdo_ai_anc\data\raw\sonyc_ust\audio-18\25_009159.wav,sonyc_25_25_009159.wav,10.0,48000,1,unlabeled,OTHER,train
sonyc_ust,C:\Users\Hp\Desktop\ANC\drdo_ai_anc\data\raw\sonyc_ust\audio-18\25_010568.wav,sonyc_25_25_010568.wav,10.0,48000,1,human-voice,SPEECH,train
sonyc_ust,C:\Users\Hp\Desktop\ANC\drdo_ai_anc\data\raw\sonyc_ust\audio-18\25_011272.wav,sonyc_25_25_011272.wav,10.0,48000,1,"engine,machinery-impact",IMPULSIVE,train
sonyc_ust,C:\Users\Hp\Desktop\ANC\drdo_ai_anc\data\raw\sonyc_ust\audio-18\25_018120.wav,sonyc_25_25_018120.wav,10.0,48000,1,unlabeled,OTHER,train
sonyc_ust,C:\Users\Hp\Desktop\ANC\drdo_ai_anc\data\raw\sonyc_ust\audio-18\25_018487.wav,sonyc_25_25_018487.wav,10.0,48000,1,engine,DYNAMIC,train
sonyc_ust,C:\Users\Hp\Desktop\ANC\drdo_ai_anc\data\raw\sonyc_ust\audio-18\25_018691.wav,sonyc_25_25_018691.wav,10.0,48000,1,human-voice,SPEECH,train
sonyc_ust,C:\Users\Hp\Desktop\ANC\drdo_ai_anc\data\raw\sonyc_ust\audio-18\25_018915.wav,sonyc_25_25_018915.wav,10.0,48000,1,alert-signal,IMPULSIVE,train
sonyc_ust,C:\Users\Hp\Desktop\ANC\drdo_ai_anc\data\raw\sonyc_ust\audio-18\25_019160.wav,sonyc_25_25_019160.wav,10.0,48000,1,engine,DYNAMIC,train
sonyc_ust,C:\Users\Hp\Desktop\ANC\drdo_ai_anc\data\raw\sonyc_ust\audio-18\25_019941.wav,sonyc_25_25_019941.wav,10.0,48000,1,"engine,alert-signal,human-voice",SPEECH,train
sonyc_ust,C:\Users\Hp\Desktop\ANC\drdo_ai_anc\data\raw\sonyc_ust\audio-18\25_020520.wav,sonyc_25_25_020520.wav,10.0,48000,1,engine,DYNAMIC,train
sonyc_ust,C:\Users\Hp\Desktop\ANC\drdo_ai_anc\data\raw\sonyc_ust\audio-18\27_000043.wav,sonyc_27_27_000043.wav,10.0,48000,1,unlabeled,OTHER,train
sonyc_ust,C:\Users\Hp\Desktop\ANC\drdo_ai_anc\data\raw\sonyc_ust\audio-18\27_000123.wav,sonyc_27_27_000123.wav,10.0,48000,1,unlabeled,OTHER,train
sonyc_ust,C:\Users\Hp\Desktop\ANC\drdo_ai_anc\data\raw\sonyc_ust\audio-18\27_000719.wav,sonyc_27_27_000719.wav,10.0,48000,1,powered-saw,DYNAMIC,train
sonyc_ust,C:\Users\Hp\Desktop\ANC\drdo_ai_anc\data\raw\sonyc_ust\audio-18\27_001201.wav,sonyc_27_27_001201.wav,10.0,48000,1,unlabeled,OTHER,train
sonyc_ust,C:\Users\Hp\Desktop\ANC\drdo_ai_anc\data\raw\sonyc_ust\audio-18\27_003210.wav,sonyc_27_27_003210.wav,10.0,48000,1,unlabeled,OTHER,train
sonyc_ust,C:\Users\Hp\Desktop\ANC\drdo_ai_anc\data\raw\sonyc_ust\audio-18\27_003358.wav,sonyc_27_27_003358.wav,10.0,48000,1,"engine,human-voice",SPEECH,train
sonyc_ust,C:\Users\Hp\Desktop\ANC\drdo_ai_anc\data\raw\sonyc_ust\audio-18\27_004812.wav,sonyc_27_27_004812.wav,10.0,48000,1,unlabeled,OTHER,train
sonyc_ust,C:\Users\Hp\Desktop\ANC\drdo_ai_anc\data\raw\sonyc_ust\audio-18\27_005649.wav,sonyc_27_27_005649.wav,10.0,48000,1,human-voice,SPEECH,train
sonyc_ust,C:\Users\Hp\Desktop\ANC\drdo_ai_anc\data\raw\sonyc_ust\audio-18\27_005715.wav,sonyc_27_27_005715.wav,10.0,48000,1,unlabeled,OTHER,train
sonyc_ust,C:\Users\Hp\Desktop\ANC\drdo_ai_anc\data\raw\sonyc_ust\audio-18\27_005852.wav,sonyc_27_27_005852.wav,10.0,48000,1,powered-saw,DYNAMIC,train
sonyc_ust,C:\Users\Hp\Desktop\ANC\drdo_ai_anc\data\raw\sonyc_ust\audio-18\27_005926.wav,sonyc_27_27_005926.wav,10.0,48000,1,engine,DYNAMIC,train
sonyc_ust,C:\Users\Hp\Desktop\ANC\drdo_ai_anc\data\raw\sonyc_ust\audio-18\27_006181.wav,sonyc_27_27_006181.wav,10.0,48000,1,"engine,human-voice",SPEECH,train
sonyc_ust,C:\Users\Hp\Desktop\ANC\drdo_ai_anc\data\raw\sonyc_ust\audio-18\27_006397.wav,sonyc_27_27_006397.wav,10.0,48000,1,"music,human-voice",SPEECH,train
sonyc_ust,C:\Users\Hp\Desktop\ANC\drdo_ai_anc\data\raw\sonyc_ust\audio-18\27_006426.wav,sonyc_27_27_006426.wav,10.0,48000,1,human-voice,SPEECH,train
sonyc_ust,C:\Users\Hp\Desktop\ANC\drdo_ai_anc\data\raw\sonyc_ust\audio-18\27_006432.wav,sonyc_27_27_006432.wav,10.0,48000,1,engine,DYNAMIC,train
sonyc_ust,C:\Users\Hp\Desktop\ANC\drdo_ai_anc\data\raw\sonyc_ust\audio-18\27_006817.wav,sonyc_27_27_006817.wav,10.0,48000,1,human-voice,SPEECH,train
sonyc_ust,C:\Users\Hp\Desktop\ANC\drdo_ai_anc\data\raw\sonyc_ust\audio-18\27_006977.wav,sonyc_27_27_006977.wav,10.0,48000,1,human-voice,SPEECH,train
sonyc_ust,C:\Users\Hp\Desktop\ANC\drdo_ai_anc\data\raw\sonyc_ust\audio-18\27_007466.wav,sonyc_27_27_007466.wav,10.0,48000,1,powered-saw,DYNAMIC,train
sonyc_ust,C:\Users\Hp\Desktop\ANC\drdo_ai_anc\data\raw\sonyc_ust\audio-18\27_007880.wav,sonyc_27_27_007880.wav,10.0,48000,1,machinery-impact,IMPULSIVE,train
sonyc_ust,C:\Users\Hp\Desktop\ANC\drdo_ai_anc\data\raw\sonyc_ust\audio-18\27_008437.wav,sonyc_27_27_008437.wav,10.0,48000,1,machinery-impact,IMPULSIVE,train
sonyc_ust,C:\Users\Hp\Desktop\ANC\drdo_ai_anc\data\raw\sonyc_ust\audio-18\27_010250.wav,sonyc_27_27_010250.wav,10.0,48000,1,human-voice,SPEECH,train
sonyc_ust,C:\Users\Hp\Desktop\ANC\drdo_ai_anc\data\raw\sonyc_ust\audio-18\27_010536.wav,sonyc_27_27_010536.wav,10.0,48000,1,human-voice,SPEECH,train
sonyc_ust,C:\Users\Hp\Desktop\ANC\drdo_ai_anc\data\raw\sonyc_ust\audio-18\27_010668.wav,sonyc_27_27_010668.wav,10.0,48000,1,"alert-signal,human-voice",SPEECH,train
sonyc_ust,C:\Users\Hp\Desktop\ANC\drdo_ai_anc\data\raw\sonyc_ust\audio-18\27_012057.wav,sonyc_27_27_012057.wav,10.0,48000,1,machinery-impact,IMPULSIVE,train
sonyc_ust,C:\Users\Hp\Desktop\ANC\drdo_ai_anc\data\raw\sonyc_ust\audio-18\27_012731.wav,sonyc_27_27_012731.wav,10.0,48000,1,human-voice,SPEECH,train
sonyc_ust,C:\Users\Hp\Desktop\ANC\drdo_ai_anc\data\raw\sonyc_ust\audio-18\27_012916.wav,sonyc_27_27_012916.wav,10.0,48000,1,unlabeled,OTHER,train
sonyc_ust,C:\Users\Hp\Desktop\ANC\drdo_ai_anc\data\raw\sonyc_ust\audio-18\27_013639.wav,sonyc_27_27_013639.wav,10.0,48000,1,"alert-signal,human-voice",SPEECH,train
sonyc_ust,C:\Users\Hp\Desktop\ANC\drdo_ai_anc\data\raw\sonyc_ust\audio-18\27_018397.wav,sonyc_27_27_018397.wav,10.0,48000,1,"alert-signal,human-voice",SPEECH,train
sonyc_ust,C:\Users\Hp\Desktop\ANC\drdo_ai_anc\data\raw\sonyc_ust\audio-18\27_018546.wav,sonyc_27_27_018546.wav,10.0,48000,1,human-voice,SPEECH,train
sonyc_ust,C:\Users\Hp\Desktop\ANC\drdo_ai_anc\data\raw\sonyc_ust\audio-18\27_019300.wav,sonyc_27_27_019300.wav,10.0,48000,1,powered-saw,DYNAMIC,train
sonyc_ust,C:\Users\Hp\Desktop\ANC\drdo_ai_anc\data\raw\sonyc_ust\audio-18\27_019512.wav,sonyc_27_27_019512.wav,10.0,48000,1,"alert-signal,human-voice",SPEECH,train
sonyc_ust,C:\Users\Hp\Desktop\ANC\drdo_ai_anc\data\raw\sonyc_ust\audio-18\27_020218.wav,sonyc_27_27_020218.wav,10.0,48000,1,"music,human-voice",SPEECH,train
sonyc_ust,C:\Users\Hp\Desktop\ANC\drdo_ai_anc\data\raw\sonyc_ust\audio-18\27_020378.wav,sonyc_27_27_020378.wav,10.0,48000,1,powered-saw,DYNAMIC,train
sonyc_ust,C:\Users\Hp\Desktop\ANC\drdo_ai_anc\data\raw\sonyc_ust\audio-18\27_020393.wav,sonyc_27_27_020393.wav,10.0,48000,1,machinery-impact,IMPULSIVE,train
sonyc_ust,C:\Users\Hp\Desktop\ANC\drdo_ai_anc\data\raw\sonyc_ust\audio-18\28_009199.wav,sonyc_28_28_009199.wav,10.0,48000,1,"other-unknown-alert-signal,alert-signal",IMPULSIVE,train
sonyc_ust,C:\Users\Hp\Desktop\ANC\drdo_ai_anc\data\raw\sonyc_ust\audio-18\28_009370.wav,sonyc_28_28_009370.wav,10.0,48000,1,alert-signal,IMPULSIVE,train
sonyc_ust,C:\Users\Hp\Desktop\ANC\drdo_ai_anc\data\raw\sonyc_ust\audio-18\28_010386.wav,sonyc_28_28_010386.wav,10.0,48000,1,engine,DYNAMIC,train
sonyc_ust,C:\Users\Hp\Desktop\ANC\drdo_ai_anc\data\raw\sonyc_ust\audio-18\28_012977.wav,sonyc_28_28_012977.wav,10.0,48000,1,"engine,alert-signal",IMPULSIVE,train
sonyc_ust,C:\Users\Hp\Desktop\ANC\drdo_ai_anc\data\raw\sonyc_ust\audio-18\29_000927.wav,sonyc_29_29_000927.wav,10.0,48000,1,unlabeled,OTHER,train
sonyc_ust,C:\Users\Hp\Desktop\ANC\drdo_ai_anc\data\raw\sonyc_ust\audio-18\29_002513.wav,sonyc_29_29_002513.wav,10.0,48000,1,alert-signal,IMPULSIVE,train
sonyc_ust,C:\Users\Hp\Desktop\ANC\drdo_ai_anc\data\raw\sonyc_ust\audio-18\29_005650.wav,sonyc_29_29_005650.wav,10.0,48000,1,engine,DYNAMIC,train
sonyc_ust,C:\Users\Hp\Desktop\ANC\drdo_ai_anc\data\raw\sonyc_ust\audio-18\29_007494.wav,sonyc_29_29_007494.wav,10.0,48000,1,music,OTHER,train
sonyc_ust,C:\Users\Hp\Desktop\ANC\drdo_ai_anc\data\raw\sonyc_ust\audio-18\29_007709.wav,sonyc_29_29_007709.wav,10.0,48000,1,"alert-signal,human-voice",SPEECH,train
sonyc_ust,C:\Users\Hp\Desktop\ANC\drdo_ai_anc\data\raw\sonyc_ust\audio-18\29_008980.wav,sonyc_29_29_008980.wav,10.0,48000,1,engine,DYNAMIC,train
sonyc_ust,C:\Users\Hp\Desktop\ANC\drdo_ai_anc\data\raw\sonyc_ust\audio-18\29_009081.wav,sonyc_29_29_009081.wav,10.0,48000,1,machinery-impact,IMPULSIVE,train
sonyc_ust,C:\Users\Hp\Desktop\ANC\drdo_ai_anc\data\raw\sonyc_ust\audio-18\29_012304.wav,sonyc_29_29_012304.wav,10.0,48000,1,unlabeled,OTHER,train
sonyc_ust,C:\Users\Hp\Desktop\ANC\drdo_ai_anc\data\raw\sonyc_ust\audio-18\29_017678.wav,sonyc_29_29_017678.wav,10.0,48000,1,music,OTHER,train
sonyc_ust,C:\Users\Hp\Desktop\ANC\drdo_ai_anc\data\raw\sonyc_ust\audio-18\29_017687.wav,sonyc_29_29_017687.wav,10.0,48000,1,unlabeled,OTHER,train
sonyc_ust,C:\Users\Hp\Desktop\ANC\drdo_ai_anc\data\raw\sonyc_ust\audio-18\29_017903.wav,sonyc_29_29_017903.wav,10.0,48000,1,powered-saw,DYNAMIC,train
sonyc_ust,C:\Users\Hp\Desktop\ANC\drdo_ai_anc\data\raw\sonyc_ust\audio-18\29_018749.wav,sonyc_29_29_018749.wav,10.0,48000,1,engine,DYNAMIC,train
sonyc_ust,C:\Users\Hp\Desktop\ANC\drdo_ai_anc\data\raw\sonyc_ust\audio-18\29_019457.wav,sonyc_29_29_019457.wav,10.0,48000,1,human-voice,SPEECH,train
sonyc_ust,C:\Users\Hp\Desktop\ANC\drdo_ai_anc\data\raw\sonyc_ust\audio-18\29_020349.wav,sonyc_29_29_020349.wav,10.0,48000,1,"music-from-uncertain-source,music",OTHER,train
sonyc_ust,C:\Users\Hp\Desktop\ANC\drdo_ai_anc\data\raw\sonyc_ust\audio-18\30_006407.wav,sonyc_30_30_006407.wav,10.0,48000,1,"engine,alert-signal",IMPULSIVE,train
sonyc_ust,C:\Users\Hp\Desktop\ANC\drdo_ai_anc\data\raw\sonyc_ust\audio-18\30_011437.wav,sonyc_30_30_011437.wav,10.0,48000,1,human-voice,SPEECH,train
sonyc_ust,C:\Users\Hp\Desktop\ANC\drdo_ai_anc\data\raw\sonyc_ust\audio-18\31_000224.wav,sonyc_31_31_000224.wav,10.0,48000,1,engine,DYNAMIC,train
sonyc_ust,C:\Users\Hp\Desktop\ANC\drdo_ai_anc\data\raw\sonyc_ust\audio-18\31_003498.wav,sonyc_31_31_003498.wav,10.0,48000,1,music,OTHER,train
sonyc_ust,C:\Users\Hp\Desktop\ANC\drdo_ai_anc\data\raw\sonyc_ust\audio-18\31_004903.wav,sonyc_31_31_004903.wav,10.0,48000,1,alert-signal,IMPULSIVE,train
sonyc_ust,C:\Users\Hp\Desktop\ANC\drdo_ai_anc\data\raw\sonyc_ust\audio-18\31_005572.wav,sonyc_31_31_005572.wav,10.0,48000,1,engine,DYNAMIC,train
sonyc_ust,C:\Users\Hp\Desktop\ANC\drdo_ai_anc\data\raw\sonyc_ust\audio-18\31_007952.wav,sonyc_31_31_007952.wav,10.0,48000,1,dog,OTHER,train
sonyc_ust,C:\Users\Hp\Desktop\ANC\drdo_ai_anc\data\raw\sonyc_ust\audio-18\31_012152.wav,sonyc_31_31_012152.wav,10.0,48000,1,alert-signal,IMPULSIVE,train
sonyc_ust,C:\Users\Hp\Desktop\ANC\drdo_ai_anc\data\raw\sonyc_ust\audio-18\31_013106.wav,sonyc_31_31_013106.wav,10.0,48000,1,"human-voice,dog",SPEECH,train
sonyc_ust,C:\Users\Hp\Desktop\ANC\drdo_ai_anc\data\raw\sonyc_ust\audio-18\31_016320.wav,sonyc_31_31_016320.wav,10.0,48000,1,music,OTHER,train
sonyc_ust,C:\Users\Hp\Desktop\ANC\drdo_ai_anc\data\raw\sonyc_ust\audio-18\31_016917.wav,sonyc_31_31_016917.wav,10.0,48000,1,unlabeled,OTHER,train
sonyc_ust,C:\Users\Hp\Desktop\ANC\drdo_ai_anc\data\raw\sonyc_ust\audio-18\31_017189.wav,sonyc_31_31_017189.wav,10.0,48000,1,human-voice,SPEECH,train
sonyc_ust,C:\Users\Hp\Desktop\ANC\drdo_ai_anc\data\raw\sonyc_ust\audio-18\31_017994.wav,sonyc_31_31_017994.wav,10.0,48000,1,unlabeled,OTHER,train
sonyc_ust,C:\Users\Hp\Desktop\ANC\drdo_ai_anc\data\raw\sonyc_ust\audio-18\31_019359.wav,sonyc_31_31_019359.wav,10.0,48000,1,music,OTHER,train
sonyc_ust,C:\Users\Hp\Desktop\ANC\drdo_ai_anc\data\raw\sonyc_ust\audio-18\31_019946.wav,sonyc_31_31_019946.wav,10.0,48000,1,alert-signal,IMPULSIVE,train
sonyc_ust,C:\Users\Hp\Desktop\ANC\drdo_ai_anc\data\raw\sonyc_ust\audio-18\31_019985.wav,sonyc_31_31_019985.wav,10.0,48000,1,unlabeled,OTHER,train
sonyc_ust,C:\Users\Hp\Desktop\ANC\drdo_ai_anc\data\raw\sonyc_ust\audio-18\31_020255.wav,sonyc_31_31_020255.wav,10.0,48000,1,powered-saw,DYNAMIC,train
sonyc_ust,C:\Users\Hp\Desktop\ANC\drdo_ai_anc\data\raw\sonyc_ust\audio-18\31_020296.wav,sonyc_31_31_020296.wav,10.0,48000,1,"music-from-uncertain-source,music,dog",OTHER,train
sonyc_ust,C:\Users\Hp\Desktop\ANC\drdo_ai_anc\data\raw\sonyc_ust\audio-18\31_020335.wav,sonyc_31_31_020335.wav,10.0,48000,1,powered-saw,DYNAMIC,train
sonyc_ust,C:\Users\Hp\Desktop\ANC\drdo_ai_anc\data\raw\sonyc_ust\audio-18\31_020527.wav,sonyc_31_31_020527.wav,10.0,48000,1,human-voice,SPEECH,train
sonyc_ust,C:\Users\Hp\Desktop\ANC\drdo_ai_anc\data\raw\sonyc_ust\audio-18\32_002039.wav,sonyc_32_32_002039.wav,10.0,48000,1,"engine,human-voice",SPEECH,train
sonyc_ust,C:\Users\Hp\Desktop\ANC\drdo_ai_anc\data\raw\sonyc_ust\audio-18\32_005434.wav,sonyc_32_32_005434.wav,10.0,48000,1,human-voice,SPEECH,train
sonyc_ust,C:\Users\Hp\Desktop\ANC\drdo_ai_anc\data\raw\sonyc_ust\audio-18\32_007223.wav,sonyc_32_32_007223.wav,10.0,48000,1,human-voice,SPEECH,train
sonyc_ust,C:\Users\Hp\Desktop\ANC\drdo_ai_anc\data\raw\sonyc_ust\audio-18\32_007948.wav,sonyc_32_32_007948.wav,10.0,48000,1,machinery-impact,IMPULSIVE,train
sonyc_ust,C:\Users\Hp\Desktop\ANC\drdo_ai_anc\data\raw\sonyc_ust\audio-18\32_008064.wav,sonyc_32_32_008064.wav,10.0,48000,1,"alert-signal,human-voice",SPEECH,train
sonyc_ust,C:\Users\Hp\Desktop\ANC\drdo_ai_anc\data\raw\sonyc_ust\audio-18\32_008299.wav,sonyc_32_32_008299.wav,10.0,48000,1,"alert-signal,human-voice",SPEECH,train
sonyc_ust,C:\Users\Hp\Desktop\ANC\drdo_ai_anc\data\raw\sonyc_ust\audio-18\32_009420.wav,sonyc_32_32_009420.wav,10.0,48000,1,"alert-signal,human-voice",SPEECH,train
sonyc_ust,C:\Users\Hp\Desktop\ANC\drdo_ai_anc\data\raw\sonyc_ust\audio-18\32_010429.wav,sonyc_32_32_010429.wav,10.0,48000,1,unlabeled,OTHER,train
sonyc_ust,C:\Users\Hp\Desktop\ANC\drdo_ai_anc\data\raw\sonyc_ust\audio-18\32_010987.wav,sonyc_32_32_010987.wav,10.0,48000,1,"alert-signal,human-voice",SPEECH,train
sonyc_ust,C:\Users\Hp\Desktop\ANC\drdo_ai_anc\data\raw\sonyc_ust\audio-18\32_011910.wav,sonyc_32_32_011910.wav,10.0,48000,1,unlabeled,OTHER,train
sonyc_ust,C:\Users\Hp\Desktop\ANC\drdo_ai_anc\data\raw\sonyc_ust\audio-18\32_012570.wav,sonyc_32_32_012570.wav,10.0,48000,1,alert-signal,IMPULSIVE,train
sonyc_ust,C:\Users\Hp\Desktop\ANC\drdo_ai_anc\data\raw\sonyc_ust\audio-18\32_012772.wav,sonyc_32_32_012772.wav,10.0,48000,1,unlabeled,OTHER,train
sonyc_ust,C:\Users\Hp\Desktop\ANC\drdo_ai_anc\data\raw\sonyc_ust\audio-18\33_001038.wav,sonyc_33_33_001038.wav,10.0,48000,1,unlabeled,OTHER,train
sonyc_ust,C:\Users\Hp\Desktop\ANC\drdo_ai_anc\data\raw\sonyc_ust\audio-18\33_003161.wav,sonyc_33_33_003161.wav,10.0,48000,1,unlabeled,OTHER,train
sonyc_ust,C:\Users\Hp\Desktop\ANC\drdo_ai_anc\data\raw\sonyc_ust\audio-18\33_007313.wav,sonyc_33_33_007313.wav,10.0,48000,1,human-voice,SPEECH,train
sonyc_ust,C:\Users\Hp\Desktop\ANC\drdo_ai_anc\data\raw\sonyc_ust\audio-18\33_008395.wav,sonyc_33_33_008395.wav,10.0,48000,1,alert-signal,IMPULSIVE,train
sonyc_ust,C:\Users\Hp\Desktop\ANC\drdo_ai_anc\data\raw\sonyc_ust\audio-18\33_008801.wav,sonyc_33_33_008801.wav,10.0,48000,1,"engine,alert-signal",IMPULSIVE,train
sonyc_ust,C:\Users\Hp\Desktop\ANC\drdo_ai_anc\data\raw\sonyc_ust\audio-18\33_013372.wav,sonyc_33_33_013372.wav,10.0,48000,1,unlabeled,OTHER,train
sonyc_ust,C:\Users\Hp\Desktop\ANC\drdo_ai_anc\data\raw\sonyc_ust\audio-18\34_000355.wav,sonyc_34_34_000355.wav,10.0,48000,1,human-voice,SPEECH,train
sonyc_ust,C:\Users\Hp\Desktop\ANC\drdo_ai_anc\data\raw\sonyc_ust\audio-18\34_000590.wav,sonyc_34_34_000590.wav,10.0,48000,1,machinery-impact,IMPULSIVE,train
sonyc_ust,C:\Users\Hp\Desktop\ANC\drdo_ai_anc\data\raw\sonyc_ust\audio-18\34_000745.wav,sonyc_34_34_000745.wav,10.0,48000,1,engine,DYNAMIC,train
sonyc_ust,C:\Users\Hp\Desktop\ANC\drdo_ai_anc\data\raw\sonyc_ust\audio-18\34_002797.wav,sonyc_34_34_002797.wav,10.0,48000,1,engine,DYNAMIC,train
sonyc_ust,C:\Users\Hp\Desktop\ANC\drdo_ai_anc\data\raw\sonyc_ust\audio-18\34_004279.wav,sonyc_34_34_004279.wav,10.0,48000,1,unlabeled,OTHER,train
sonyc_ust,C:\Users\Hp\Desktop\ANC\drdo_ai_anc\data\raw\sonyc_ust\audio-18\34_008279.wav,sonyc_34_34_008279.wav,10.0,48000,1,unlabeled,OTHER,train
sonyc_ust,C:\Users\Hp\Desktop\ANC\drdo_ai_anc\data\raw\sonyc_ust\audio-18\34_009205.wav,sonyc_34_34_009205.wav,10.0,48000,1,engine,DYNAMIC,train
sonyc_ust,C:\Users\Hp\Desktop\ANC\drdo_ai_anc\data\raw\sonyc_ust\audio-18\34_010422.wav,sonyc_34_34_010422.wav,10.0,48000,1,engine,DYNAMIC,train
sonyc_ust,C:\Users\Hp\Desktop\ANC\drdo_ai_anc\data\raw\sonyc_ust\audio-18\34_011258.wav,sonyc_34_34_011258.wav,10.0,48000,1,"engine,human-voice",SPEECH,train
sonyc_ust,C:\Users\Hp\Desktop\ANC\drdo_ai_anc\data\raw\sonyc_ust\audio-18\34_011884.wav,sonyc_34_34_011884.wav,10.0,48000,1,engine,DYNAMIC,train
sonyc_ust,C:\Users\Hp\Desktop\ANC\drdo_ai_anc\data\raw\sonyc_ust\audio-18\34_012751.wav,sonyc_34_34_012751.wav,10.0,48000,1,powered-saw,DYNAMIC,train
sonyc_ust,C:\Users\Hp\Desktop\ANC\drdo_ai_anc\data\raw\sonyc_ust\audio-18\34_012816.wav,sonyc_34_34_012816.wav,10.0,48000,1,human-voice,SPEECH,train
sonyc_ust,C:\Users\Hp\Desktop\ANC\drdo_ai_anc\data\raw\sonyc_ust\audio-18\34_013063.wav,sonyc_34_34_013063.wav,10.0,48000,1,alert-signal,IMPULSIVE,train
sonyc_ust,C:\Users\Hp\Desktop\ANC\drdo_ai_anc\data\raw\sonyc_ust\audio-18\34_019214.wav,sonyc_34_34_019214.wav,10.0,48000,1,unlabeled,OTHER,train
sonyc_ust,C:\Users\Hp\Desktop\ANC\drdo_ai_anc\data\raw\sonyc_ust\audio-18\34_019360.wav,sonyc_34_34_019360.wav,10.0,48000,1,engine,DYNAMIC,train
sonyc_ust,C:\Users\Hp\Desktop\ANC\drdo_ai_anc\data\raw\sonyc_ust\audio-18\34_019412.wav,sonyc_34_34_019412.wav,10.0,48000,1,engine,DYNAMIC,train
sonyc_ust,C:\Users\Hp\Desktop\ANC\drdo_ai_anc\data\raw\sonyc_ust\audio-18\34_019764.wav,sonyc_34_34_019764.wav,10.0,48000,1,engine,DYNAMIC,train
sonyc_ust,C:\Users\Hp\Desktop\ANC\drdo_ai_anc\data\raw\sonyc_ust\audio-18\34_020318.wav,sonyc_34_34_020318.wav,10.0,48000,1,"engine,alert-signal,human-voice",SPEECH,train
sonyc_ust,C:\Users\Hp\Desktop\ANC\drdo_ai_anc\data\raw\sonyc_ust\audio-18\34_020683.wav,sonyc_34_34_020683.wav,10.0,48000,1,unlabeled,OTHER,train
sonyc_ust,C:\Users\Hp\Desktop\ANC\drdo_ai_anc\data\raw\sonyc_ust\audio-18\34_020697.wav,sonyc_34_34_020697.wav,10.0,48000,1,alert-signal,IMPULSIVE,train
sonyc_ust,C:\Users\Hp\Desktop\ANC\drdo_ai_anc\data\raw\sonyc_ust\audio-18\35_001225.wav,sonyc_35_35_001225.wav,10.0,48000,1,unlabeled,OTHER,train
sonyc_ust,C:\Users\Hp\Desktop\ANC\drdo_ai_anc\data\raw\sonyc_ust\audio-18\35_001543.wav,sonyc_35_35_001543.wav,10.0,48000,1,human-voice,SPEECH,train
sonyc_ust,C:\Users\Hp\Desktop\ANC\drdo_ai_anc\data\raw\sonyc_ust\audio-18\35_004349.wav,sonyc_35_35_004349.wav,10.0,48000,1,unlabeled,OTHER,train
sonyc_ust,C:\Users\Hp\Desktop\ANC\drdo_ai_anc\data\raw\sonyc_ust\audio-18\35_006358.wav,sonyc_35_35_006358.wav,10.0,48000,1,human-voice,SPEECH,train
sonyc_ust,C:\Users\Hp\Desktop\ANC\drdo_ai_anc\data\raw\sonyc_ust\audio-18\35_006760.wav,sonyc_35_35_006760.wav,10.0,48000,1,"alert-signal,human-voice",SPEECH,train
sonyc_ust,C:\Users\Hp\Desktop\ANC\drdo_ai_anc\data\raw\sonyc_ust\audio-18\35_009447.wav,sonyc_35_35_009447.wav,10.0,48000,1,unlabeled,OTHER,train
sonyc_ust,C:\Users\Hp\Desktop\ANC\drdo_ai_anc\data\raw\sonyc_ust\audio-18\35_010076.wav,sonyc_35_35_010076.wav,10.0,48000,1,unlabeled,OTHER,train
sonyc_ust,C:\Users\Hp\Desktop\ANC\drdo_ai_anc\data\raw\sonyc_ust\audio-18\35_010466.wav,sonyc_35_35_010466.wav,10.0,48000,1,"alert-signal,human-voice",SPEECH,train
sonyc_ust,C:\Users\Hp\Desktop\ANC\drdo_ai_anc\data\raw\sonyc_ust\audio-18\35_011793.wav,sonyc_35_35_011793.wav,10.0,48000,1,human-voice,SPEECH,train
sonyc_ust,C:\Users\Hp\Desktop\ANC\drdo_ai_anc\data\raw\sonyc_ust\audio-18\35_012885.wav,sonyc_35_35_012885.wav,10.0,48000,1,human-voice,SPEECH,train
sonyc_ust,C:\Users\Hp\Desktop\ANC\drdo_ai_anc\data\raw\sonyc_ust\audio-18\35_016407.wav,sonyc_35_35_016407.wav,10.0,48000,1,unlabeled,OTHER,train
sonyc_ust,C:\Users\Hp\Desktop\ANC\drdo_ai_anc\data\raw\sonyc_ust\audio-18\35_016771.wav,sonyc_35_35_016771.wav,10.0,48000,1,engine,DYNAMIC,train
sonyc_ust,C:\Users\Hp\Desktop\ANC\drdo_ai_anc\data\raw\sonyc_ust\audio-18\36_000280.wav,sonyc_36_36_000280.wav,10.0,48000,1,human-voice,SPEECH,train
sonyc_ust,C:\Users\Hp\Desktop\ANC\drdo_ai_anc\data\raw\sonyc_ust\audio-18\36_004623.wav,sonyc_36_36_004623.wav,10.0,48000,1,unlabeled,OTHER,train
sonyc_ust,C:\Users\Hp\Desktop\ANC\drdo_ai_anc\data\raw\sonyc_ust\audio-18\36_005273.wav,sonyc_36_36_005273.wav,10.0,48000,1,human-voice,SPEECH,train
sonyc_ust,C:\Users\Hp\Desktop\ANC\drdo_ai_anc\data\raw\sonyc_ust\audio-18\36_005717.wav,sonyc_36_36_005717.wav,10.0,48000,1,alert-signal,IMPULSIVE,train
sonyc_ust,C:\Users\Hp\Desktop\ANC\drdo_ai_anc\data\raw\sonyc_ust\audio-18\36_007128.wav,sonyc_36_36_007128.wav,10.0,48000,1,human-voice,SPEECH,train
sonyc_ust,C:\Users\Hp\Desktop\ANC\drdo_ai_anc\data\raw\sonyc_ust\audio-18\36_017501.wav,sonyc_36_36_017501.wav,10.0,48000,1,human-voice,SPEECH,train
sonyc_ust,C:\Users\Hp\Desktop\ANC\drdo_ai_anc\data\raw\sonyc_ust\audio-18\36_018197.wav,sonyc_36_36_018197.wav,10.0,48000,1,human-voice,SPEECH,train
sonyc_ust,C:\Users\Hp\Desktop\ANC\drdo_ai_anc\data\raw\sonyc_ust\audio-18\36_019289.wav,sonyc_36_36_019289.wav,10.0,48000,1,alert-signal,IMPULSIVE,train
sonyc_ust,C:\Users\Hp\Desktop\ANC\drdo_ai_anc\data\raw\sonyc_ust\audio-18\37_000830.wav,sonyc_37_37_000830.wav,10.0,48000,1,unlabeled,OTHER,train
sonyc_ust,C:\Users\Hp\Desktop\ANC\drdo_ai_anc\data\raw\sonyc_ust\audio-18\37_001455.wav,sonyc_37_37_001455.wav,10.0,48000,1,unlabeled,OTHER,train
sonyc_ust,C:\Users\Hp\Desktop\ANC\drdo_ai_anc\data\raw\sonyc_ust\audio-18\37_001694.wav,sonyc_37_37_001694.wav,10.0,48000,1,powered-saw,DYNAMIC,train
sonyc_ust,C:\Users\Hp\Desktop\ANC\drdo_ai_anc\data\raw\sonyc_ust\audio-18\37_003083.wav,sonyc_37_37_003083.wav,10.0,48000,1,human-voice,SPEECH,train
sonyc_ust,C:\Users\Hp\Desktop\ANC\drdo_ai_anc\data\raw\sonyc_ust\audio-18\37_004115.wav,sonyc_37_37_004115.wav,10.0,48000,1,machinery-impact,IMPULSIVE,train
sonyc_ust,C:\Users\Hp\Desktop\ANC\drdo_ai_anc\data\raw\sonyc_ust\audio-18\37_004698.wav,sonyc_37_37_004698.wav,10.0,48000,1,unlabeled,OTHER,train
sonyc_ust,C:\Users\Hp\Desktop\ANC\drdo_ai_anc\data\raw\sonyc_ust\audio-18\37_004854.wav,sonyc_37_37_004854.wav,10.0,48000,1,unlabeled,OTHER,train
sonyc_ust,C:\Users\Hp\Desktop\ANC\drdo_ai_anc\data\raw\sonyc_ust\audio-18\37_005425.wav,sonyc_37_37_005425.wav,10.0,48000,1,powered-saw,DYNAMIC,train
sonyc_ust,C:\Users\Hp\Desktop\ANC\drdo_ai_anc\data\raw\sonyc_ust\audio-18\37_006110.wav,sonyc_37_37_006110.wav,10.0,48000,1,human-voice,SPEECH,train
sonyc_ust,C:\Users\Hp\Desktop\ANC\drdo_ai_anc\data\raw\sonyc_ust\audio-18\37_006448.wav,sonyc_37_37_006448.wav,10.0,48000,1,unlabeled,OTHER,train
sonyc_ust,C:\Users\Hp\Desktop\ANC\drdo_ai_anc\data\raw\sonyc_ust\audio-18\37_008317.wav,sonyc_37_37_008317.wav,10.0,48000,1,unlabeled,OTHER,train
sonyc_ust,C:\Users\Hp\Desktop\ANC\drdo_ai_anc\data\raw\sonyc_ust\audio-18\37_009021.wav,sonyc_37_37_009021.wav,10.0,48000,1,human-voice,SPEECH,train
sonyc_ust,C:\Users\Hp\Desktop\ANC\drdo_ai_anc\data\raw\sonyc_ust\audio-18\37_009747.wav,sonyc_37_37_009747.wav,10.0,48000,1,"engine,human-voice",SPEECH,train
sonyc_ust,C:\Users\Hp\Desktop\ANC\drdo_ai_anc\data\raw\sonyc_ust\audio-18\37_010148.wav,sonyc_37_37_010148.wav,10.0,48000,1,unlabeled,OTHER,train
sonyc_ust,C:\Users\Hp\Desktop\ANC\drdo_ai_anc\data\raw\sonyc_ust\audio-18\37_010982.wav,sonyc_37_37_010982.wav,10.0,48000,1,unlabeled,OTHER,train
sonyc_ust,C:\Users\Hp\Desktop\ANC\drdo_ai_anc\data\raw\sonyc_ust\audio-18\37_012011.wav,sonyc_37_37_012011.wav,10.0,48000,1,unlabeled,OTHER,train
sonyc_ust,C:\Users\Hp\Desktop\ANC\drdo_ai_anc\data\raw\sonyc_ust\audio-18\37_013521.wav,sonyc_37_37_013521.wav,10.0,48000,1,"engine,machinery-impact",IMPULSIVE,train
sonyc_ust,C:\Users\Hp\Desktop\ANC\drdo_ai_anc\data\raw\sonyc_ust\audio-18\37_017747.wav,sonyc_37_37_017747.wav,10.0,48000,1,"engine,alert-signal",IMPULSIVE,train
sonyc_ust,C:\Users\Hp\Desktop\ANC\drdo_ai_anc\data\raw\sonyc_ust\audio-18\37_018919.wav,sonyc_37_37_018919.wav,10.0,48000,1,unlabeled,OTHER,train
sonyc_ust,C:\Users\Hp\Desktop\ANC\drdo_ai_anc\data\raw\sonyc_ust\audio-18\37_020128.wav,sonyc_37_37_020128.wav,10.0,48000,1,engine,DYNAMIC,train
sonyc_ust,C:\Users\Hp\Desktop\ANC\drdo_ai_anc\data\raw\sonyc_ust\audio-18\38_002539.wav,sonyc_38_38_002539.wav,10.0,48000,1,engine,DYNAMIC,train
sonyc_ust,C:\Users\Hp\Desktop\ANC\drdo_ai_anc\data\raw\sonyc_ust\audio-18\38_002713.wav,sonyc_38_38_002713.wav,10.0,48000,1,human-voice,SPEECH,train
sonyc_ust,C:\Users\Hp\Desktop\ANC\drdo_ai_anc\data\raw\sonyc_ust\audio-18\38_003592.wav,sonyc_38_38_003592.wav,10.0,48000,1,unlabeled,OTHER,train
sonyc_ust,C:\Users\Hp\Desktop\ANC\drdo_ai_anc\data\raw\sonyc_ust\audio-18\38_004821.wav,sonyc_38_38_004821.wav,10.0,48000,1,alert-signal,IMPULSIVE,train
sonyc_ust,C:\Users\Hp\Desktop\ANC\drdo_ai_anc\data\raw\sonyc_ust\audio-18\38_005134.wav,sonyc_38_38_005134.wav,10.0,48000,1,engine,DYNAMIC,train
sonyc_ust,C:\Users\Hp\Desktop\ANC\drdo_ai_anc\data\raw\sonyc_ust\audio-18\38_005726.wav,sonyc_38_38_005726.wav,10.0,48000,1,engine,DYNAMIC,train
sonyc_ust,C:\Users\Hp\Desktop\ANC\drdo_ai_anc\data\raw\sonyc_ust\audio-18\38_006207.wav,sonyc_38_38_006207.wav,10.0,48000,1,alert-signal,IMPULSIVE,train
sonyc_ust,C:\Users\Hp\Desktop\ANC\drdo_ai_anc\data\raw\sonyc_ust\audio-18\38_007079.wav,sonyc_38_38_007079.wav,10.0,48000,1,"alert-signal,human-voice",SPEECH,train
sonyc_ust,C:\Users\Hp\Desktop\ANC\drdo_ai_anc\data\raw\sonyc_ust\audio-18\38_008148.wav,sonyc_38_38_008148.wav,10.0,48000,1,unlabeled,OTHER,train
sonyc_ust,C:\Users\Hp\Desktop\ANC\drdo_ai_anc\data\raw\sonyc_ust\audio-18\38_008996.wav,sonyc_38_38_008996.wav,10.0,48000,1,engine,DYNAMIC,train
sonyc_ust,C:\Users\Hp\Desktop\ANC\drdo_ai_anc\data\raw\sonyc_ust\audio-18\38_013352.wav,sonyc_38_38_013352.wav,10.0,48000,1,engine,DYNAMIC,train
sonyc_ust,C:\Users\Hp\Desktop\ANC\drdo_ai_anc\data\raw\sonyc_ust\audio-18\38_017875.wav,sonyc_38_38_017875.wav,10.0,48000,1,unlabeled,OTHER,train
sonyc_ust,C:\Users\Hp\Desktop\ANC\drdo_ai_anc\data\raw\sonyc_ust\audio-18\38_018165.wav,sonyc_38_38_018165.wav,10.0,48000,1,human-voice,SPEECH,train
sonyc_ust,C:\Users\Hp\Desktop\ANC\drdo_ai_anc\data\raw\sonyc_ust\audio-18\38_018401.wav,sonyc_38_38_018401.wav,10.0,48000,1,unlabeled,OTHER,train
sonyc_ust,C:\Users\Hp\Desktop\ANC\drdo_ai_anc\data\raw\sonyc_ust\audio-18\39_002421.wav,sonyc_39_39_002421.wav,10.0,48000,1,engine,DYNAMIC,train
sonyc_ust,C:\Users\Hp\Desktop\ANC\drdo_ai_anc\data\raw\sonyc_ust\audio-18\39_002623.wav,sonyc_39_39_002623.wav,10.0,48000,1,engine,DYNAMIC,train
sonyc_ust,C:\Users\Hp\Desktop\ANC\drdo_ai_anc\data\raw\sonyc_ust\audio-18\39_004326.wav,sonyc_39_39_004326.wav,10.0,48000,1,alert-signal,IMPULSIVE,train
sonyc_ust,C:\Users\Hp\Desktop\ANC\drdo_ai_anc\data\raw\sonyc_ust\audio-18\40_000442.wav,sonyc_40_40_000442.wav,10.0,48000,1,engine,DYNAMIC,train
sonyc_ust,C:\Users\Hp\Desktop\ANC\drdo_ai_anc\data\raw\sonyc_ust\audio-18\40_000708.wav,sonyc_40_40_000708.wav,10.0,48000,1,unlabeled,OTHER,train
sonyc_ust,C:\Users\Hp\Desktop\ANC\drdo_ai_anc\data\raw\sonyc_ust\audio-18\40_000720.wav,sonyc_40_40_000720.wav,10.0,48000,1,unlabeled,OTHER,train
sonyc_ust,C:\Users\Hp\Desktop\ANC\drdo_ai_anc\data\raw\sonyc_ust\audio-18\40_001166.wav,sonyc_40_40_001166.wav,10.0,48000,1,"engine,alert-signal",IMPULSIVE,train
sonyc_ust,C:\Users\Hp\Desktop\ANC\drdo_ai_anc\data\raw\sonyc_ust\audio-18\40_001358.wav,sonyc_40_40_001358.wav,10.0,48000,1,unlabeled,OTHER,train
sonyc_ust,C:\Users\Hp\Desktop\ANC\drdo_ai_anc\data\raw\sonyc_ust\audio-18\40_001402.wav,sonyc_40_40_001402.wav,10.0,48000,1,non-machinery-impact,IMPULSIVE,train
sonyc_ust,C:\Users\Hp\Desktop\ANC\drdo_ai_anc\data\raw\sonyc_ust\audio-18\40_001600.wav,sonyc_40_40_001600.wav,10.0,48000,1,unlabeled,OTHER,train
sonyc_ust,C:\Users\Hp\Desktop\ANC\drdo_ai_anc\data\raw\sonyc_ust\audio-18\40_001748.wav,sonyc_40_40_001748.wav,10.0,48000,1,engine,DYNAMIC,train
sonyc_ust,C:\Users\Hp\Desktop\ANC\drdo_ai_anc\data\raw\sonyc_ust\audio-18\40_001990.wav,sonyc_40_40_001990.wav,10.0,48000,1,engine,DYNAMIC,train
sonyc_ust,C:\Users\Hp\Desktop\ANC\drdo_ai_anc\data\raw\sonyc_ust\audio-18\40_002123.wav,sonyc_40_40_002123.wav,10.0,48000,1,unlabeled,OTHER,train
sonyc_ust,C:\Users\Hp\Desktop\ANC\drdo_ai_anc\data\raw\sonyc_ust\audio-18\40_002692.wav,sonyc_40_40_002692.wav,10.0,48000,1,unlabeled,OTHER,train
sonyc_ust,C:\Users\Hp\Desktop\ANC\drdo_ai_anc\data\raw\sonyc_ust\audio-18\40_002889.wav,sonyc_40_40_002889.wav,10.0,48000,1,unlabeled,OTHER,train
sonyc_ust,C:\Users\Hp\Desktop\ANC\drdo_ai_anc\data\raw\sonyc_ust\audio-18\40_003003.wav,sonyc_40_40_003003.wav,10.0,48000,1,engine,DYNAMIC,train
sonyc_ust,C:\Users\Hp\Desktop\ANC\drdo_ai_anc\data\raw\sonyc_ust\audio-18\40_003017.wav,sonyc_40_40_003017.wav,10.0,48000,1,machinery-impact,IMPULSIVE,train
sonyc_ust,C:\Users\Hp\Desktop\ANC\drdo_ai_anc\data\raw\sonyc_ust\audio-18\40_003229.wav,sonyc_40_40_003229.wav,10.0,48000,1,"engine,powered-saw",DYNAMIC,train
sonyc_ust,C:\Users\Hp\Desktop\ANC\drdo_ai_anc\data\raw\sonyc_ust\audio-18\40_003765.wav,sonyc_40_40_003765.wav,10.0,48000,1,machinery-impact,IMPULSIVE,train
sonyc_ust,C:\Users\Hp\Desktop\ANC\drdo_ai_anc\data\raw\sonyc_ust\audio-18\40_004156.wav,sonyc_40_40_004156.wav,10.0,48000,1,"other-unknown-impact-machinery,machinery-impact",IMPULSIVE,train
sonyc_ust,C:\Users\Hp\Desktop\ANC\drdo_ai_anc\data\raw\sonyc_ust\audio-18\40_004220.wav,sonyc_40_40_004220.wav,10.0,48000,1,unlabeled,OTHER,train
sonyc_ust,C:\Users\Hp\Desktop\ANC\drdo_ai_anc\data\raw\sonyc_ust\audio-18\40_004585.wav,sonyc_40_40_004585.wav,10.0,48000,1,"engine,alert-signal",IMPULSIVE,train
sonyc_ust,C:\Users\Hp\Desktop\ANC\drdo_ai_anc\data\raw\sonyc_ust\audio-18\40_004787.wav,sonyc_40_40_004787.wav,10.0,48000,1,engine,DYNAMIC,train
sonyc_ust,C:\Users\Hp\Desktop\ANC\drdo_ai_anc\data\raw\sonyc_ust\audio-18\40_011956.wav,sonyc_40_40_011956.wav,10.0,48000,1,unlabeled,OTHER,train
sonyc_ust,C:\Users\Hp\Desktop\ANC\drdo_ai_anc\data\raw\sonyc_ust\audio-18\41_004927.wav,sonyc_41_41_004927.wav,10.0,48000,1,unlabeled,OTHER,train
sonyc_ust,C:\Users\Hp\Desktop\ANC\drdo_ai_anc\data\raw\sonyc_ust\audio-18\41_005230.wav,sonyc_41_41_005230.wav,10.0,48000,1,human-voice,SPEECH,train
sonyc_ust,C:\Users\Hp\Desktop\ANC\drdo_ai_anc\data\raw\sonyc_ust\audio-18\41_007341.wav,sonyc_41_41_007341.wav,10.0,48000,1,unlabeled,OTHER,train
sonyc_ust,C:\Users\Hp\Desktop\ANC\drdo_ai_anc\data\raw\sonyc_ust\audio-18\41_008674.wav,sonyc_41_41_008674.wav,10.0,48000,1,unlabeled,OTHER,train
sonyc_ust,C:\Users\Hp\Desktop\ANC\drdo_ai_anc\data\raw\sonyc_ust\audio-18\41_011279.wav,sonyc_41_41_011279.wav,10.0,48000,1,human-voice,SPEECH,train
sonyc_ust,C:\Users\Hp\Desktop\ANC\drdo_ai_anc\data\raw\sonyc_ust\audio-18\41_011906.wav,sonyc_41_41_011906.wav,10.0,48000,1,unlabeled,OTHER,train
sonyc_ust,C:\Users\Hp\Desktop\ANC\drdo_ai_anc\data\raw\sonyc_ust\audio-18\41_016728.wav,sonyc_41_41_016728.wav,10.0,48000,1,engine,DYNAMIC,train
sonyc_ust,C:\Users\Hp\Desktop\ANC\drdo_ai_anc\data\raw\sonyc_ust\audio-18\41_020098.wav,sonyc_41_41_020098.wav,10.0,48000,1,music,OTHER,train
sonyc_ust,C:\Users\Hp\Desktop\ANC\drdo_ai_anc\data\raw\sonyc_ust\audio-18\41_020503.wav,sonyc_41_41_020503.wav,10.0,48000,1,unlabeled,OTHER,train
